base_folder,image_file,audio_file,caption
vggsound_00,NxXwo4AR4M_142.png,NxXwo4AR4M_000142.wav,baltimore oriole calling
vggsound_02,6aVD7uPvGmU_0.png,6aVD7uPvGmU_000000.wav,baltimore oriole calling
vggsound_02,5aTwB99GEBU_0.png,5aTwB99GEBU_000000.wav,baltimore oriole calling
vggsound_04,AKmkhvb9shk_0.png,AKmkhvb9shk_000000.wav,baltimore oriole calling
vggsound_02,4C7ejWmrtA0_234.png,4C7ejWmrtA0_000234.wav,baltimore oriole calling
vggsound_02,5NQBuAOle3E_8.png,5NQBuAOle3E_000008.wav,baltimore oriole calling
vggsound_02,6ZirsWBV7pA_43.png,6ZirsWBV7pA_000043.wav,baltimore oriole calling
vggsound_02,5qWSbdY3IvQ_5.png,5qWSbdY3IvQ_000005.wav,baltimore oriole calling
vggsound_00,1IhPIfC40D8_66.png,1IhPIfC40D8_000066.wav,baltimore oriole calling
vggsound_00,VwoWTaeGpk_12.png,VwoWTaeGpk_000012.wav,baltimore oriole calling
vggsound_00,1FWUnWVX5Xk_159.png,1FWUnWVX5Xk_000159.wav,baltimore oriole calling
vggsound_00,615mGonUqU_232.png,615mGonUqU_000232.wav,baltimore oriole calling
vggsound_00,vczuGgBfFc_23.png,vczuGgBfFc_000023.wav,baltimore oriole calling
vggsound_00,uD3ZbhFTnk_77.png,uD3ZbhFTnk_000077.wav,baltimore oriole calling
vggsound_00,1IJ3NECmqQc_0.png,1IJ3NECmqQc_000000.wav,baltimore oriole calling
vggsound_02,4zxx7y89djo_16.png,4zxx7y89djo_000016.wav,baltimore oriole calling
vggsound_02,62N21fbJoYs_0.png,62N21fbJoYs_000000.wav,baltimore oriole calling
vggsound_02,6jsk3CfKsW4_5.png,6jsk3CfKsW4_000005.wav,baltimore oriole calling
vggsound_00,luZJgNDvII_134.png,luZJgNDvII_000134.wav,baltimore oriole calling
vggsound_00,pX4vF6rs8E_3.png,pX4vF6rs8E_000003.wav,baltimore oriole calling
vggsound_00,psK5OaoMeg_14.png,psK5OaoMeg_000014.wav,baltimore oriole calling
vggsound_02,56APclHzjd8_41.png,56APclHzjd8_000041.wav,"bird chirping, tweeting"
vggsound_00,OOLOgPZvvE_10.png,OOLOgPZvvE_000010.wav,"bird chirping, tweeting"
vggsound_00,02nHX3M2cCQ_20.png,02nHX3M2cCQ_000020.wav,"bird chirping, tweeting"
vggsound_02,5asgYXtU-Ro_40.png,5asgYXtU-Ro_000040.wav,"bird chirping, tweeting"
vggsound_02,6a1QkIvhNAk_30.png,6a1QkIvhNAk_000030.wav,"bird chirping, tweeting"
vggsound_00,0102_FBc_70_0.png,0102_FBc_70_000000.wav,"bird chirping, tweeting"
vggsound_02,5fApzVHlBi8_80.png,5fApzVHlBi8_000080.wav,"bird chirping, tweeting"
vggsound_02,5IIAXppZ1XA_30.png,5IIAXppZ1XA_000030.wav,"bird chirping, tweeting"
vggsound_02,5IVsz3ainMg_30.png,5IVsz3ainMg_000030.wav,"bird chirping, tweeting"
vggsound_00,_lIeDXKHEU_16.png,_lIeDXKHEU_000016.wav,"bird chirping, tweeting"
vggsound_00,SYtQq_KglY_310.png,SYtQq_KglY_000310.wav,"bird chirping, tweeting"
vggsound_00,TpqJE2epZo_14.png,TpqJE2epZo_000014.wav,"bird chirping, tweeting"
vggsound_02,5m6t3TbD1vg_160.png,5m6t3TbD1vg_000160.wav,"bird chirping, tweeting"
vggsound_00,ZbSjOGb_sA_210.png,ZbSjOGb_sA_000210.wav,"bird chirping, tweeting"
vggsound_00,q0W7yXJ6oE_40.png,q0W7yXJ6oE_000040.wav,"bird chirping, tweeting"
vggsound_00,WoFxHJpMnI_40.png,WoFxHJpMnI_000040.wav,"bird chirping, tweeting"
vggsound_00,wh7Q83kzTw_20.png,wh7Q83kzTw_000020.wav,"bird chirping, tweeting"
vggsound_00,03anSMXRpn4_71.png,03anSMXRpn4_000071.wav,"bird chirping, tweeting"
vggsound_02,5sI729qR6_E_10.png,5sI729qR6_E_000010.wav,"bird chirping, tweeting"
vggsound_02,69bgfr4s4pw_20.png,69bgfr4s4pw_000020.wav,"bird chirping, tweeting"
vggsound_00,RRHNdjrV98_20.png,RRHNdjrV98_000020.wav,"bird chirping, tweeting"
vggsound_02,5jtMWks8_Gw_30.png,5jtMWks8_Gw_000030.wav,"bird chirping, tweeting"
vggsound_00,PQ3JgNDAbM_40.png,PQ3JgNDAbM_000040.wav,"bird chirping, tweeting"
vggsound_02,4SUPgmqKe1s_53.png,4SUPgmqKe1s_000053.wav,"bird chirping, tweeting"
vggsound_02,4t-2zL10y_4_0.png,4t-2zL10y_4_000000.wav,"bird chirping, tweeting"
vggsound_00,1Ez1k51Tbnc_0.png,1Ez1k51Tbnc_000000.wav,"bird chirping, tweeting"
vggsound_00,1ETrMAVZdY8_30.png,1ETrMAVZdY8_000030.wav,"bird chirping, tweeting"
vggsound_00,1D2kEFhf3Wg_480.png,1D2kEFhf3Wg_000480.wav,"bird chirping, tweeting"
vggsound_00,19CAnVHWWho_210.png,19CAnVHWWho_000210.wav,"bird chirping, tweeting"
vggsound_00,13IwnnHXRTc_10.png,13IwnnHXRTc_000010.wav,"bird chirping, tweeting"
vggsound_00,0oOoqxsMkXs_20.png,0oOoqxsMkXs_000020.wav,"bird chirping, tweeting"
vggsound_00,0ZVII_Np0ME_2.png,0ZVII_Np0ME_000002.wav,"bird chirping, tweeting"
vggsound_00,0zrWthXnRWQ_0.png,0zrWthXnRWQ_000000.wav,"bird chirping, tweeting"
vggsound_00,0pmz7Vw7IRI_10.png,0pmz7Vw7IRI_000010.wav,"bird chirping, tweeting"
vggsound_00,0ZEPdAyz6Sg_30.png,0ZEPdAyz6Sg_000030.wav,"bird chirping, tweeting"
vggsound_00,0yTG1Yrnmak_30.png,0yTG1Yrnmak_000030.wav,"bird chirping, tweeting"
vggsound_00,0ylskGarjLg_410.png,0ylskGarjLg_000410.wav,"bird chirping, tweeting"
vggsound_00,0xU8tO1TQ2Q_105.png,0xU8tO1TQ2Q_000105.wav,"bird chirping, tweeting"
vggsound_00,0rXl6gA08K8_10.png,0rXl6gA08K8_000010.wav,"bird chirping, tweeting"
vggsound_00,0RxqOTKPf3M_30.png,0RxqOTKPf3M_000030.wav,"bird chirping, tweeting"
vggsound_00,0ge-wKTSBnE_20.png,0ge-wKTSBnE_000020.wav,"bird chirping, tweeting"
vggsound_02,4zXyyac2zR4_153.png,4zXyyac2zR4_000153.wav,"bird chirping, tweeting"
vggsound_00,1H6sOay0DWw_30.png,1H6sOay0DWw_000030.wav,"bird chirping, tweeting"
vggsound_00,1QWd2fVos8s_104.png,1QWd2fVos8s_000104.wav,"bird chirping, tweeting"
vggsound_02,4sXg1Uq8gPc_390.png,4sXg1Uq8gPc_000390.wav,"bird chirping, tweeting"
vggsound_00,0ahhxNdzxJo_10.png,0ahhxNdzxJo_000010.wav,"bird chirping, tweeting"
vggsound_02,4Ruk56DiQj8_30.png,4Ruk56DiQj8_000030.wav,"bird chirping, tweeting"
vggsound_02,4rIzM457KnM_172.png,4rIzM457KnM_000172.wav,"bird chirping, tweeting"
vggsound_02,4qaiLMEce6Y_25.png,4qaiLMEce6Y_000025.wav,"bird chirping, tweeting"
vggsound_02,4oNMRGGEGfM_27.png,4oNMRGGEGfM_000027.wav,"bird chirping, tweeting"
vggsound_02,4nhmvjZHhg8_30.png,4nhmvjZHhg8_000030.wav,"bird chirping, tweeting"
vggsound_00,0C-5reSgR2w_20.png,0C-5reSgR2w_000020.wav,"bird chirping, tweeting"
vggsound_00,0CTgEP0SIVg_10.png,0CTgEP0SIVg_000010.wav,"bird chirping, tweeting"
vggsound_02,4EIIFgEuNhc_40.png,4EIIFgEuNhc_000040.wav,"bird chirping, tweeting"
vggsound_00,0dpVZAeYU2E_90.png,0dpVZAeYU2E_000090.wav,"bird chirping, tweeting"
vggsound_02,4akwLXNv5ZM_394.png,4akwLXNv5ZM_000394.wav,"bird chirping, tweeting"
vggsound_00,1V65GzuCqaw_30.png,1V65GzuCqaw_000030.wav,"bird chirping, tweeting"
vggsound_00,1Uj_ulATth0_360.png,1Uj_ulATth0_000360.wav,"bird chirping, tweeting"
vggsound_00,1RhCZdabo4k_30.png,1RhCZdabo4k_000030.wav,"bird chirping, tweeting"
vggsound_00,1LY5-RLywME_30.png,1LY5-RLywME_000030.wav,"bird chirping, tweeting"
vggsound_00,09wyzo6kyF8_74.png,09wyzo6kyF8_000074.wav,"bird chirping, tweeting"
vggsound_00,w9OfpoUyiI_230.png,w9OfpoUyiI_000230.wav,"bird chirping, tweeting"
vggsound_00,Hir7qkrFVY_0.png,Hir7qkrFVY_000000.wav,"bird chirping, tweeting"
vggsound_04,A_Vcl28fci4_40.png,A_Vcl28fci4_000040.wav,"bird chirping, tweeting"
vggsound_02,6OhTUH5Ly9E_30.png,6OhTUH5Ly9E_000030.wav,"bird chirping, tweeting"
vggsound_00,HMmNXcZe1I_53.png,HMmNXcZe1I_000053.wav,"bird chirping, tweeting"
vggsound_02,6_59rMcE0os_10.png,6_59rMcE0os_000010.wav,"bird chirping, tweeting"
vggsound_00,gXbU1fHFoc_140.png,gXbU1fHFoc_000140.wav,"bird chirping, tweeting"
vggsound_00,jPDIe-IeVw_100.png,jPDIe-IeVw_000100.wav,"bird chirping, tweeting"
vggsound_04,A2tHKMEnRuw_30.png,A2tHKMEnRuw_000030.wav,"bird chirping, tweeting"
vggsound_04,B4R_7B2l9ZU_74.png,B4R_7B2l9ZU_000074.wav,"bird chirping, tweeting"
vggsound_02,6nUBZr30yco_110.png,6nUBZr30yco_000110.wav,"bird chirping, tweeting"
vggsound_00,grrFz0HeME_90.png,grrFz0HeME_000090.wav,"bird chirping, tweeting"
vggsound_04,B9s7xhvx3po_200.png,B9s7xhvx3po_000200.wav,"bird chirping, tweeting"
vggsound_00,gKy8P-N5aY_70.png,gKy8P-N5aY_000070.wav,"bird chirping, tweeting"
vggsound_04,AYDgPiRzqHE_20.png,AYDgPiRzqHE_000020.wav,"bird chirping, tweeting"
vggsound_04,AyHdhMayfYg_10.png,AyHdhMayfYg_000010.wav,"bird chirping, tweeting"
vggsound_00,ag2m3fHOzs_10.png,ag2m3fHOzs_000010.wav,"bird chirping, tweeting"
vggsound_00,dWlxtczn7E_60.png,dWlxtczn7E_000060.wav,"bird chirping, tweeting"
vggsound_04,AeEpG2NSlaM_93.png,AeEpG2NSlaM_000093.wav,"bird chirping, tweeting"
vggsound_04,A6YGeMNtwBA_124.png,A6YGeMNtwBA_000124.wav,"bird chirping, tweeting"
vggsound_00,aUbQi149eE_80.png,aUbQi149eE_000080.wav,"bird chirping, tweeting"
vggsound_02,6wqcni74cM4_13.png,6wqcni74cM4_000013.wav,"bird chirping, tweeting"
vggsound_00,Lei1usDQio_20.png,Lei1usDQio_000020.wav,"bird chirping, tweeting"
vggsound_00,MIIsQQJO2o_30.png,MIIsQQJO2o_000030.wav,"bird chirping, tweeting"
vggsound_02,5CZFkjU1IkM_122.png,5CZFkjU1IkM_000122.wav,bird squawking
vggsound_00,0HGZIQpcIGc_64.png,0HGZIQpcIGc_000064.wav,bird squawking
vggsound_02,4aTMef_vDxE_0.png,4aTMef_vDxE_000000.wav,bird squawking
vggsound_00,1EzrXW59irA_0.png,1EzrXW59irA_000000.wav,bird squawking
vggsound_00,0NQwdcBXaVI_13.png,0NQwdcBXaVI_000013.wav,bird squawking
vggsound_00,AvTGh7DiLI_52.png,AvTGh7DiLI_000052.wav,bird squawking
vggsound_02,4ENNzjy8QjU_77.png,4ENNzjy8QjU_000077.wav,bird squawking
vggsound_04,AKa0aj31rFY_8.png,AKa0aj31rFY_000008.wav,bird squawking
vggsound_02,4Owj52XhoxI_13.png,4Owj52XhoxI_000013.wav,bird squawking
vggsound_00,bxI3HLANw0_16.png,bxI3HLANw0_000016.wav,bird squawking
vggsound_00,18PLoJDIvIQ_110.png,18PLoJDIvIQ_000110.wav,bird squawking
vggsound_02,5iEbFJkG6Xg_557.png,5iEbFJkG6Xg_000557.wav,bird squawking
vggsound_02,4k74Cvw2rLU_160.png,4k74Cvw2rLU_000160.wav,bird squawking
vggsound_00,12T-9dLEbY8_20.png,12T-9dLEbY8_000020.wav,bird squawking
vggsound_00,M7ZNV6gLo0_310.png,M7ZNV6gLo0_000310.wav,bird squawking
vggsound_00,0pYpyy1VXdM_80.png,0pYpyy1VXdM_000080.wav,bird squawking
vggsound_04,B53MCaYoKo4_37.png,B53MCaYoKo4_000037.wav,bird squawking
vggsound_02,5xsxUFxg074_32.png,5xsxUFxg074_000032.wav,bird squawking
vggsound_00,PFrEXbJmMU_14.png,PFrEXbJmMU_000014.wav,bird squawking
vggsound_00,uTMH1SQUpw_4.png,uTMH1SQUpw_000004.wav,bird squawking
vggsound_02,6g79EQ928e4_93.png,6g79EQ928e4_000093.wav,bird squawking
vggsound_00,0xU8tO1TQ2Q_105.png,0xU8tO1TQ2Q_000105.wav,bird squawking
vggsound_02,65phiY5Wbqw_90.png,65phiY5Wbqw_000090.wav,bird wings flapping
vggsound_00,Pxb9UCVDTg_360.png,Pxb9UCVDTg_000360.wav,bird wings flapping
vggsound_04,BADTubaKbrE_220.png,BADTubaKbrE_000220.wav,bird wings flapping
vggsound_02,52ao_3xM57Q_80.png,52ao_3xM57Q_000080.wav,bird wings flapping
vggsound_04,A8L0mC1_Geg_400.png,A8L0mC1_Geg_000400.wav,bird wings flapping
vggsound_02,5sA7rv6-tjE_340.png,5sA7rv6-tjE_000340.wav,bird wings flapping
vggsound_00,QuQ17smxoI_90.png,QuQ17smxoI_000090.wav,bird wings flapping
vggsound_02,6H6NcNIc80g_50.png,6H6NcNIc80g_000050.wav,bird wings flapping
vggsound_04,B-6GFWkeok8_137.png,B-6GFWkeok8_000137.wav,bird wings flapping
vggsound_00,UQXuZfbFY_44.png,UQXuZfbFY_000044.wav,bird wings flapping
vggsound_02,6Ehxmmlz8NE_10.png,6Ehxmmlz8NE_000010.wav,bird wings flapping
vggsound_04,AzGflMgKULY_80.png,AzGflMgKULY_000080.wav,bird wings flapping
vggsound_02,6mK7dO33l04_150.png,6mK7dO33l04_000150.wav,bird wings flapping
vggsound_00,0ZYW2yXKp8_22.png,0ZYW2yXKp8_000022.wav,bird wings flapping
vggsound_02,5gTnFcENcxk_120.png,5gTnFcENcxk_000120.wav,bird wings flapping
vggsound_00,dJIro7WeqQ_10.png,dJIro7WeqQ_000010.wav,bird wings flapping
vggsound_00,1DcHGY78gSI_110.png,1DcHGY78gSI_000110.wav,bird wings flapping
vggsound_00,1D6UsaTflJ8_60.png,1D6UsaTflJ8_000060.wav,bird wings flapping
vggsound_02,6uR7si_snVQ_30.png,6uR7si_snVQ_000030.wav,bird wings flapping
vggsound_04,AORRjClSmfw_26.png,AORRjClSmfw_000026.wav,chicken crowing
vggsound_02,49hqgCiJ44w_50.png,49hqgCiJ44w_000050.wav,chicken crowing
vggsound_02,4eRPBeJ7tlY_0.png,4eRPBeJ7tlY_000000.wav,chicken crowing
vggsound_04,ANjYA_ok2hI_9.png,ANjYA_ok2hI_000009.wav,chicken crowing
vggsound_04,AmLZJvMO2Xw_18.png,AmLZJvMO2Xw_000018.wav,chicken crowing
vggsound_02,4B5oNZxGQjQ_3.png,4B5oNZxGQjQ_000003.wav,chicken crowing
vggsound_00,0upP8cF_LY0_17.png,0upP8cF_LY0_000017.wav,chicken crowing
vggsound_02,4CVdbEcEaJk_10.png,4CVdbEcEaJk_000010.wav,chicken crowing
vggsound_04,BBPI-CSQQpY_30.png,BBPI-CSQQpY_000030.wav,chicken crowing
vggsound_04,B9ZQfpwK--8_50.png,B9ZQfpwK--8_000050.wav,chicken crowing
vggsound_04,APoohNMTR1U_20.png,APoohNMTR1U_000020.wav,chicken crowing
vggsound_00,14XML4NbS38_5.png,14XML4NbS38_000005.wav,chicken crowing
vggsound_00,11ruZHgyTKM_30.png,11ruZHgyTKM_000030.wav,chicken crowing
vggsound_00,17L2VkXtcQ0_30.png,17L2VkXtcQ0_000030.wav,chicken crowing
vggsound_04,B-5-z_JPHM0_200.png,B-5-z_JPHM0_000200.wav,chicken crowing
vggsound_04,B0vGyJRUfkU_6.png,B0vGyJRUfkU_000006.wav,chicken crowing
vggsound_00,1-T4A6yQDE0_67.png,1-T4A6yQDE0_000067.wav,chicken crowing
vggsound_02,4IFl3EnMxxI_91.png,4IFl3EnMxxI_000091.wav,chicken crowing
vggsound_00,0_I6B2Z0rE4_54.png,0_I6B2Z0rE4_000054.wav,chicken crowing
vggsound_04,B2P716WAO4o_0.png,B2P716WAO4o_000000.wav,chicken crowing
vggsound_04,AZyjf5yVOiM_10.png,AZyjf5yVOiM_000010.wav,chicken crowing
vggsound_04,AYRIUoPVlKo_40.png,AYRIUoPVlKo_000040.wav,chicken crowing
vggsound_00,0YLUmiMFWx4_19.png,0YLUmiMFWx4_000019.wav,chicken crowing
vggsound_04,AYGWs42G2UQ_10.png,AYGWs42G2UQ_000010.wav,chicken crowing
vggsound_04,AWcZq1PRcII_20.png,AWcZq1PRcII_000020.wav,chicken crowing
vggsound_04,AUG9XJrYopM_0.png,AUG9XJrYopM_000000.wav,chicken crowing
vggsound_00,1MDP9gGy2y8_0.png,1MDP9gGy2y8_000000.wav,chicken crowing
vggsound_04,AUfDTp6ADrk_70.png,AUfDTp6ADrk_000070.wav,chicken crowing
vggsound_04,AOSVHoRTyC4_30.png,AOSVHoRTyC4_000030.wav,chicken crowing
vggsound_02,6bWaHsoPxAM_10.png,6bWaHsoPxAM_000010.wav,chicken crowing
vggsound_02,4UYE2RXZXXE_10.png,4UYE2RXZXXE_000010.wav,chicken crowing
vggsound_02,4Kbj5xnJlUU_0.png,4Kbj5xnJlUU_000000.wav,chicken crowing
vggsound_02,6zWVhxZnmtI_90.png,6zWVhxZnmtI_000090.wav,chicken crowing
vggsound_02,5O4gktY7RKE_180.png,5O4gktY7RKE_000180.wav,chicken crowing
vggsound_02,5oaWb-QV0jo_15.png,5oaWb-QV0jo_000015.wav,chicken crowing
vggsound_02,6yAEiN45E8A_6.png,6yAEiN45E8A_000006.wav,chicken crowing
vggsound_02,5RcqrYtpqYU_135.png,5RcqrYtpqYU_000135.wav,chicken crowing
vggsound_02,5s340k9Hbfg_99.png,5s340k9Hbfg_000099.wav,chicken crowing
vggsound_02,6vfrTvRKSvg_40.png,6vfrTvRKSvg_000040.wav,chicken crowing
vggsound_00,0U6ebFYFPjk_30.png,0U6ebFYFPjk_000030.wav,chicken crowing
vggsound_02,6SOCAZFaP2g_33.png,6SOCAZFaP2g_000033.wav,chicken crowing
vggsound_02,5vvINhReuXk_50.png,5vvINhReuXk_000050.wav,chicken crowing
vggsound_02,5XhVzviHgMI_30.png,5XhVzviHgMI_000030.wav,chicken crowing
vggsound_02,5MZdao1S_3Y_20.png,5MZdao1S_3Y_000020.wav,chicken crowing
vggsound_02,5yJ6L5GszsM_10.png,5yJ6L5GszsM_000010.wav,chicken crowing
vggsound_02,6OFDugcFz6o_22.png,6OFDugcFz6o_000022.wav,chicken crowing
vggsound_02,636KEGs1EIc_120.png,636KEGs1EIc_000120.wav,chicken crowing
vggsound_02,6kNyKHHbQUQ_30.png,6kNyKHHbQUQ_000030.wav,chicken crowing
vggsound_02,67usg41NhNw_4.png,67usg41NhNw_000004.wav,chicken crowing
vggsound_02,68QMC4wYnQQ_65.png,68QMC4wYnQQ_000065.wav,chicken crowing
vggsound_02,6jsrzHghu3s_0.png,6jsrzHghu3s_000000.wav,chicken crowing
vggsound_02,69gaY3dCWoI_50.png,69gaY3dCWoI_000050.wav,chicken crowing
vggsound_02,6JjiUUcl7Ms_25.png,6JjiUUcl7Ms_000025.wav,chicken crowing
vggsound_02,6jeKcfkacNA_15.png,6jeKcfkacNA_000015.wav,chicken crowing
vggsound_02,6dcZ3e9MwbQ_29.png,6dcZ3e9MwbQ_000029.wav,chicken crowing
vggsound_02,6BdoMhUtcPQ_30.png,6BdoMhUtcPQ_000030.wav,chicken crowing
vggsound_02,6-Lmux2v2g4_0.png,6-Lmux2v2g4_000000.wav,chicken crowing
vggsound_02,5jRHJtBf9mI_2.png,5jRHJtBf9mI_000002.wav,chicken crowing
vggsound_04,A2I33ozei1k_30.png,A2I33ozei1k_000030.wav,chicken crowing
vggsound_02,5g8e1PDfWIs_60.png,5g8e1PDfWIs_000060.wav,chicken crowing
vggsound_04,Al0WQfEUdYI_50.png,Al0WQfEUdYI_000050.wav,chicken crowing
vggsound_04,Ah204gfnevk_10.png,Ah204gfnevk_000010.wav,chicken crowing
vggsound_04,AGC68JUEtAY_30.png,AGC68JUEtAY_000030.wav,chicken crowing
vggsound_02,4SlSeLr2Zw8_9.png,4SlSeLr2Zw8_000009.wav,chicken crowing
vggsound_02,4sodha2P-c4_27.png,4sodha2P-c4_000027.wav,chicken crowing
vggsound_04,AFzAVij-69o_130.png,AFzAVij-69o_000130.wav,chicken crowing
vggsound_04,AfgsKOrC4-o_27.png,AfgsKOrC4-o_000027.wav,chicken crowing
vggsound_02,4ursgQETEJQ_20.png,4ursgQETEJQ_000020.wav,chicken crowing
vggsound_02,4UUbBtYLt0s_400.png,4UUbBtYLt0s_000400.wav,chicken crowing
vggsound_02,4uVzgXlMLzo_80.png,4uVzgXlMLzo_000080.wav,chicken crowing
vggsound_02,4WGJEeXdJK0_30.png,4WGJEeXdJK0_000030.wav,chicken crowing
vggsound_02,4Ztwb4nYEwA_30.png,4Ztwb4nYEwA_000030.wav,chicken crowing
vggsound_04,AdGuhQxBuqE_17.png,AdGuhQxBuqE_000017.wav,chicken crowing
vggsound_04,AblG9fJPedM_25.png,AblG9fJPedM_000025.wav,chicken crowing
vggsound_02,5-FM0mCYups_3.png,5-FM0mCYups_000003.wav,chicken crowing
vggsound_02,5-SAIt0_Ji0_4.png,5-SAIt0_Ji0_000004.wav,chicken crowing
vggsound_02,53JV0FqhqTY_3.png,53JV0FqhqTY_000003.wav,chicken crowing
vggsound_02,55b4KDqVhx0_30.png,55b4KDqVhx0_000030.wav,chicken crowing
vggsound_02,56iMVyneo_I_120.png,56iMVyneo_I_000120.wav,chicken crowing
vggsound_02,5AQeLzD8Dhk_0.png,5AQeLzD8Dhk_000000.wav,chicken crowing
vggsound_04,A6GuZLAVqbI_110.png,A6GuZLAVqbI_000110.wav,chicken crowing
vggsound_04,A58nnmnhfUo_1.png,A58nnmnhfUo_000001.wav,chicken crowing
vggsound_04,A5-rcriW6_4_0.png,A5-rcriW6_4_000000.wav,chicken crowing
vggsound_02,5B7vDvZSEdw_19.png,5B7vDvZSEdw_000019.wav,chicken crowing
vggsound_02,5bjUJxDdUnE_220.png,5bjUJxDdUnE_000220.wav,chicken crowing
vggsound_02,4jDqaqqvLVQ_30.png,4jDqaqqvLVQ_000030.wav,chicken crowing
vggsound_00,0TBt0al3ITY_30.png,0TBt0al3ITY_000030.wav,chicken crowing
vggsound_04,BDMv6AOI5jY_175.png,BDMv6AOI5jY_000175.wav,chicken crowing
vggsound_00,JJmkQYZA-4_20.png,JJmkQYZA-4_000020.wav,chicken crowing
vggsound_00,0Rpw7o2B0UQ_2.png,0Rpw7o2B0UQ_000002.wav,chicken crowing
vggsound_00,gp5kXfvW5I_340.png,gp5kXfvW5I_000340.wav,chicken crowing
vggsound_00,0b5pY41n1XI_3.png,0b5pY41n1XI_000003.wav,chicken crowing
vggsound_00,07tE4aqjZuE_30.png,07tE4aqjZuE_000030.wav,chicken crowing
vggsound_00,Glsd1Kxlvg_30.png,Glsd1Kxlvg_000030.wav,chicken crowing
vggsound_00,pLNYFSIves_30.png,pLNYFSIves_000030.wav,chicken crowing
vggsound_00,raITF50hN0_180.png,raITF50hN0_000180.wav,chicken crowing
vggsound_00,0F0YvdKcUu0_40.png,0F0YvdKcUu0_000040.wav,chicken crowing
vggsound_00,A3cOSeUcLM_30.png,A3cOSeUcLM_000030.wav,chicken crowing
vggsound_00,FLEmLBKkNg_10.png,FLEmLBKkNg_000010.wav,chicken crowing
vggsound_00,FgIPY7IO8k_15.png,FgIPY7IO8k_000015.wav,chicken crowing
vggsound_00,F8f2UKJSSE_40.png,F8f2UKJSSE_000040.wav,chicken crowing
vggsound_00,0fL9V_y32aA_19.png,0fL9V_y32aA_000019.wav,chicken crowing
vggsound_00,U3oyhpebSs_50.png,U3oyhpebSs_000050.wav,chicken crowing
vggsound_00,0G0tdsD5MFo_300.png,0G0tdsD5MFo_000300.wav,chicken crowing
vggsound_00,0GHQO8k2htg_0.png,0GHQO8k2htg_000000.wav,chicken crowing
vggsound_00,uvVa3z00rw_10.png,uvVa3z00rw_000010.wav,chicken crowing
vggsound_00,3ihfHTdJSI_110.png,3ihfHTdJSI_000110.wav,chicken crowing
vggsound_00,0E5iHTLtYWg_26.png,0E5iHTLtYWg_000026.wav,chicken crowing
vggsound_00,0qlT_eblMAU_80.png,0qlT_eblMAU_000080.wav,chicken crowing
vggsound_00,1QUpHlvDM4_0.png,1QUpHlvDM4_000000.wav,chicken crowing
vggsound_00,02UahUjIv5A_24.png,02UahUjIv5A_000024.wav,chicken crowing
vggsound_00,JflnolHaIw_60.png,JflnolHaIw_000060.wav,chicken crowing
vggsound_00,liObUHIFrs_30.png,liObUHIFrs_000030.wav,chicken crowing
vggsound_00,00SPuXJ0ri0_77.png,00SPuXJ0ri0_000077.wav,chicken crowing
vggsound_00,0s1uXHl5_8k_30.png,0s1uXHl5_8k_000030.wav,chicken crowing
vggsound_00,0ddWYr_zQ1E_380.png,0ddWYr_zQ1E_000380.wav,chicken crowing
vggsound_00,0c3075b7TJU_30.png,0c3075b7TJU_000030.wav,chicken crowing
vggsound_00,M9But-Hb_A_1.png,M9But-Hb_A_000001.wav,crow cawing
vggsound_00,0C933p8gxV0_133.png,0C933p8gxV0_000133.wav,crow cawing
vggsound_00,rU5ToWaaNo_7.png,rU5ToWaaNo_000007.wav,crow cawing
vggsound_00,1L4m4IIRjqM_36.png,1L4m4IIRjqM_000036.wav,crow cawing
vggsound_00,1K4Na7vHsyc_105.png,1K4Na7vHsyc_000105.wav,crow cawing
vggsound_02,6ND_4qypQ1k_0.png,6ND_4qypQ1k_000000.wav,crow cawing
vggsound_00,0aGWaUeZJHw_0.png,0aGWaUeZJHw_000000.wav,crow cawing
vggsound_00,JC9g19P-vU_2.png,JC9g19P-vU_000002.wav,crow cawing
vggsound_02,61-TmMwRIMA_41.png,61-TmMwRIMA_000041.wav,crow cawing
vggsound_02,4j2scmsFwIc_28.png,4j2scmsFwIc_000028.wav,crow cawing
vggsound_02,6rDbsJXXIn0_24.png,6rDbsJXXIn0_000024.wav,crow cawing
vggsound_02,4UkvgEC8Qyc_126.png,4UkvgEC8Qyc_000126.wav,crow cawing
vggsound_00,DMGengzmu0_1.png,DMGengzmu0_000001.wav,crow cawing
vggsound_02,65cECSnCWvc_111.png,65cECSnCWvc_000111.wav,crow cawing
vggsound_04,Ac9QGN4g4hg_26.png,Ac9QGN4g4hg_000026.wav,crow cawing
vggsound_00,G57TpNZ1hg_445.png,G57TpNZ1hg_000445.wav,crow cawing
vggsound_00,mf_OVEWYS0_16.png,mf_OVEWYS0_000016.wav,crow cawing
vggsound_02,6YY81aszUTI_30.png,6YY81aszUTI_000030.wav,crow cawing
vggsound_00,0EF2g914rG0_1.png,0EF2g914rG0_000001.wav,crow cawing
vggsound_00,mXdhaci_C4_28.png,mXdhaci_C4_000028.wav,crow cawing
vggsound_02,6bet__QZKXE_0.png,6bet__QZKXE_000000.wav,crow cawing
vggsound_02,4MRvNpPsJeg_22.png,4MRvNpPsJeg_000022.wav,crow cawing
vggsound_02,4pKWWCDsvmk_28.png,4pKWWCDsvmk_000028.wav,crow cawing
vggsound_02,4PotpLixDAU_18.png,4PotpLixDAU_000018.wav,crow cawing
vggsound_02,6k3KDhUY9iM_8.png,6k3KDhUY9iM_000008.wav,crow cawing
vggsound_04,A6dbLkLKj5A_2.png,A6dbLkLKj5A_000002.wav,crow cawing
vggsound_00,KifOY3Xxd8_6.png,KifOY3Xxd8_000006.wav,crow cawing
vggsound_00,0ekI6l9aRmc_41.png,0ekI6l9aRmc_000041.wav,crow cawing
vggsound_02,67ILSthTiG0_21.png,67ILSthTiG0_000021.wav,crow cawing
vggsound_00,1Q4cQbjLcV8_0.png,1Q4cQbjLcV8_000000.wav,crow cawing
vggsound_00,1Q3iRHdOW9I_1.png,1Q3iRHdOW9I_000001.wav,crow cawing
vggsound_02,4rNP0Uh5TbQ_8.png,4rNP0Uh5TbQ_000008.wav,crow cawing
vggsound_02,4D63tbO14h8_30.png,4D63tbO14h8_000030.wav,crow cawing
vggsound_00,0hCiGC4c97g_23.png,0hCiGC4c97g_000023.wav,crow cawing
vggsound_02,5xEh7ez-ykI_100.png,5xEh7ez-ykI_000100.wav,crow cawing
vggsound_00,19HsqaVOHU_19.png,19HsqaVOHU_000019.wav,crow cawing
vggsound_00,0Q93DLTA4Gs_29.png,0Q93DLTA4Gs_000029.wav,crow cawing
vggsound_02,5iTVbHhYhC4_30.png,5iTVbHhYhC4_000030.wav,crow cawing
vggsound_02,5MSHrx9XFRk_19.png,5MSHrx9XFRk_000019.wav,crow cawing
vggsound_00,0P-BIRNNJXM_34.png,0P-BIRNNJXM_000034.wav,crow cawing
vggsound_00,0xWCJdaIR-Q_100.png,0xWCJdaIR-Q_000100.wav,crow cawing
vggsound_00,0rTUm59eULg_20.png,0rTUm59eULg_000020.wav,crow cawing
vggsound_00,11-Ssvvlsd4_11.png,11-Ssvvlsd4_000011.wav,crow cawing
vggsound_00,04X6s6U3PCs_22.png,04X6s6U3PCs_000022.wav,crow cawing
vggsound_04,AR4SmIs7irc_3.png,AR4SmIs7irc_000003.wav,crow cawing
vggsound_02,5-NPOzLpkJM_37.png,5-NPOzLpkJM_000037.wav,crow cawing
vggsound_02,5Oigk452KGc_70.png,5Oigk452KGc_000070.wav,crow cawing
vggsound_00,05UhbRH7Myo_0.png,05UhbRH7Myo_000000.wav,crow cawing
vggsound_04,ALOAe_ak6yo_183.png,ALOAe_ak6yo_000183.wav,crow cawing
vggsound_00,0sFKwxue2iw_20.png,0sFKwxue2iw_000020.wav,crow cawing
vggsound_04,AOw_3JzM2w4_15.png,AOw_3JzM2w4_000015.wav,crow cawing
vggsound_02,4YQ-LNB_xFE_0.png,4YQ-LNB_xFE_000000.wav,crow cawing
vggsound_04,AM3p_hpT-0o_15.png,AM3p_hpT-0o_000015.wav,crow cawing
vggsound_00,BHvh-PUrw0_279.png,BHvh-PUrw0_000279.wav,crow cawing
vggsound_02,5FVTn7SuDTw_114.png,5FVTn7SuDTw_000114.wav,crow cawing
vggsound_04,B6uo7b665fM_21.png,B6uo7b665fM_000021.wav,crow cawing
vggsound_00,0tw6feOOTXI_18.png,0tw6feOOTXI_000018.wav,crow cawing
vggsound_02,5TzVBYVcyLI_67.png,5TzVBYVcyLI_000067.wav,crow cawing
vggsound_02,4w63HNXNN4U_19.png,4w63HNXNN4U_000019.wav,crow cawing
vggsound_02,5DLO_z0yumM_100.png,5DLO_z0yumM_000100.wav,crow cawing
vggsound_00,vYjvp4D61I_23.png,vYjvp4D61I_000023.wav,crow cawing
vggsound_00,wSrWM5tDdc_20.png,wSrWM5tDdc_000020.wav,crow cawing
vggsound_00,0u1yfeSUumk_31.png,0u1yfeSUumk_000031.wav,crow cawing
vggsound_00,009GwYB4Z7k_30.png,009GwYB4Z7k_000030.wav,crow cawing
vggsound_02,5mJ7_05tlhs_5.png,5mJ7_05tlhs_000005.wav,crow cawing
vggsound_00,8vFBAkXmeg_87.png,8vFBAkXmeg_000087.wav,cuckoo bird calling
vggsound_00,003whBJovZ8_282.png,003whBJovZ8_000282.wav,cuckoo bird calling
vggsound_04,B5f7PdOBC6c_20.png,B5f7PdOBC6c_000020.wav,cuckoo bird calling
vggsound_02,4JQmuyt8hsc_126.png,4JQmuyt8hsc_000126.wav,cuckoo bird calling
vggsound_02,5PhDkTZcLFE_147.png,5PhDkTZcLFE_000147.wav,cuckoo bird calling
vggsound_00,1Rjd83ztqLk_16.png,1Rjd83ztqLk_000016.wav,cuckoo bird calling
vggsound_04,AScmP_vDPhs_1.png,AScmP_vDPhs_000001.wav,cuckoo bird calling
vggsound_00,1Mvw2601xRg_158.png,1Mvw2601xRg_000158.wav,cuckoo bird calling
vggsound_02,6oA3UV61miU_55.png,6oA3UV61miU_000055.wav,cuckoo bird calling
vggsound_02,4yL8UGcrOZU_18.png,4yL8UGcrOZU_000018.wav,cuckoo bird calling
vggsound_04,BbVu435YvDM_9.png,BbVu435YvDM_000009.wav,cuckoo bird calling
vggsound_00,0Ca2CTVwOxs_19.png,0Ca2CTVwOxs_000019.wav,cuckoo bird calling
vggsound_00,0J-YBc8hCtA_39.png,0J-YBc8hCtA_000039.wav,cuckoo bird calling
vggsound_02,5nksXG54qPk_12.png,5nksXG54qPk_000012.wav,cuckoo bird calling
vggsound_00,01xKbbgMwFg_33.png,01xKbbgMwFg_000033.wav,duck quacking
vggsound_02,4jgTmzXNKRk_30.png,4jgTmzXNKRk_000030.wav,duck quacking
vggsound_00,00H4-cKmeNg_153.png,00H4-cKmeNg_000153.wav,duck quacking
vggsound_02,5BYjO-ydBg0_30.png,5BYjO-ydBg0_000030.wav,duck quacking
vggsound_00,01GR5c7dSNo_22.png,01GR5c7dSNo_000022.wav,duck quacking
vggsound_02,6odBQkTkuto_30.png,6odBQkTkuto_000030.wav,duck quacking
vggsound_02,6hR0P3lmB6Y_17.png,6hR0P3lmB6Y_000017.wav,duck quacking
vggsound_02,58JwiVM8bYM_30.png,58JwiVM8bYM_000030.wav,duck quacking
vggsound_02,56ysgb8nbZY_3.png,56ysgb8nbZY_000003.wav,duck quacking
vggsound_02,56PrvOtpQOk_135.png,56PrvOtpQOk_000135.wav,duck quacking
vggsound_02,6D8iBZl3Io0_30.png,6D8iBZl3Io0_000030.wav,duck quacking
vggsound_00,0-dwett6SGw_17.png,0-dwett6SGw_000017.wav,duck quacking
vggsound_02,55FUV-ZGUd8_11.png,55FUV-ZGUd8_000011.wav,duck quacking
vggsound_02,53hA429wzjA_30.png,53hA429wzjA_000030.wav,duck quacking
vggsound_02,522mne6LSeI_11.png,522mne6LSeI_000011.wav,duck quacking
vggsound_02,5PY6XHBPQ9M_5.png,5PY6XHBPQ9M_000005.wav,duck quacking
vggsound_02,5TBqiCuwXUo_30.png,5TBqiCuwXUo_000030.wav,duck quacking
vggsound_02,5zrJdpyxHV4_24.png,5zrJdpyxHV4_000024.wav,duck quacking
vggsound_02,4vLr3YFNMPc_30.png,4vLr3YFNMPc_000030.wav,duck quacking
vggsound_02,4U31EZT9R-A_30.png,4U31EZT9R-A_000030.wav,duck quacking
vggsound_02,4lOTeIsN6wc_17.png,4lOTeIsN6wc_000017.wav,duck quacking
vggsound_00,03K8sIGyAz4_17.png,03K8sIGyAz4_000017.wav,duck quacking
vggsound_00,00nQKgFqiKQ_20.png,00nQKgFqiKQ_000020.wav,duck quacking
vggsound_00,0izHOfrwPn4_180.png,0izHOfrwPn4_000180.wav,duck quacking
vggsound_00,1TP8JyI5vHI_30.png,1TP8JyI5vHI_000030.wav,duck quacking
vggsound_00,grB4LdQS0k_9.png,grB4LdQS0k_000009.wav,duck quacking
vggsound_02,7-3WE3wSv5s_160.png,7-3WE3wSv5s_000160.wav,duck quacking
vggsound_00,ibjrtJo9rY_30.png,ibjrtJo9rY_000030.wav,duck quacking
vggsound_00,1Qj-9NGrui0_25.png,1Qj-9NGrui0_000025.wav,duck quacking
vggsound_02,6WGRllHbRSs_30.png,6WGRllHbRSs_000030.wav,duck quacking
vggsound_00,0omtm408iqo_100.png,0omtm408iqo_000100.wav,duck quacking
vggsound_00,0NQ4q4Dzctg_5.png,0NQ4q4Dzctg_000005.wav,duck quacking
vggsound_00,0XzJKHmoN6w_19.png,0XzJKHmoN6w_000019.wav,duck quacking
vggsound_00,11f6mnVxAm0_110.png,11f6mnVxAm0_000110.wav,duck quacking
vggsound_00,0LMhUWdtD_E_27.png,0LMhUWdtD_E_000027.wav,duck quacking
vggsound_00,1HU4rzVD5Sc_0.png,1HU4rzVD5Sc_000000.wav,duck quacking
vggsound_02,4BRBT3Bvt94_30.png,4BRBT3Bvt94_000030.wav,duck quacking
vggsound_04,APDo83echgo_30.png,APDo83echgo_000030.wav,duck quacking
vggsound_00,0uCvzUDL5H0_30.png,0uCvzUDL5H0_000030.wav,duck quacking
vggsound_04,BD1BzaXNqDw_30.png,BD1BzaXNqDw_000030.wav,duck quacking
vggsound_02,4GGUH7ykdCg_22.png,4GGUH7ykdCg_000022.wav,duck quacking
vggsound_00,1CRvPsMwqrc_30.png,1CRvPsMwqrc_000030.wav,duck quacking
vggsound_02,6TC-tDmSE88_30.png,6TC-tDmSE88_000030.wav,duck quacking
vggsound_00,zOG2GRGY4_14.png,zOG2GRGY4_000014.wav,duck quacking
vggsound_04,B1lK6N1ttlk_21.png,B1lK6N1ttlk_000021.wav,duck quacking
vggsound_00,JBH9j7-h8U_30.png,JBH9j7-h8U_000030.wav,duck quacking
vggsound_04,AnsWBhwvumo_30.png,AnsWBhwvumo_000030.wav,duck quacking
vggsound_04,B96NeZ5Drx8_12.png,B96NeZ5Drx8_000012.wav,duck quacking
vggsound_04,AHPRhJ4u0ss_27.png,AHPRhJ4u0ss_000027.wav,duck quacking
vggsound_02,6VQ_IbDvyhc_38.png,6VQ_IbDvyhc_000038.wav,duck quacking
vggsound_00,15GXea-bu8o_42.png,15GXea-bu8o_000042.wav,mynah bird singing
vggsound_00,A3g8R9_YpM_21.png,A3g8R9_YpM_000021.wav,mynah bird singing
vggsound_04,ANvngB4VvUk_10.png,ANvngB4VvUk_000010.wav,mynah bird singing
vggsound_02,5oqA2MST-44_103.png,5oqA2MST-44_000103.wav,mynah bird singing
vggsound_00,12oTdzzK-OI_29.png,12oTdzzK-OI_000029.wav,mynah bird singing
vggsound_00,WobsZPtZcM_184.png,WobsZPtZcM_000184.wav,mynah bird singing
vggsound_02,5-Bl5mcx-Yg_3.png,5-Bl5mcx-Yg_000003.wav,mynah bird singing
vggsound_00,xpc63hW7Wk_91.png,xpc63hW7Wk_000091.wav,mynah bird singing
vggsound_00,0NZQRllfNhE_140.png,0NZQRllfNhE_000140.wav,mynah bird singing
vggsound_00,17ViI9Y_3S8_21.png,17ViI9Y_3S8_000021.wav,mynah bird singing
vggsound_00,9peZWsQHow_37.png,9peZWsQHow_000037.wav,mynah bird singing
vggsound_04,ASgIPoBZfWY_73.png,ASgIPoBZfWY_000073.wav,mynah bird singing
vggsound_04,BBqdRYhziF4_65.png,BBqdRYhziF4_000065.wav,mynah bird singing
vggsound_02,5Bje4lksBe8_10.png,5Bje4lksBe8_000010.wav,mynah bird singing
vggsound_04,BaZsTJqGzyo_59.png,BaZsTJqGzyo_000059.wav,mynah bird singing
vggsound_00,0tRkJ1CppTA_19.png,0tRkJ1CppTA_000019.wav,mynah bird singing
vggsound_02,57uzyjei6j4_4.png,57uzyjei6j4_000004.wav,mynah bird singing
vggsound_00,0WL1gKM13mY_0.png,0WL1gKM13mY_000000.wav,mynah bird singing
vggsound_02,5hdgmE2QF9w_78.png,5hdgmE2QF9w_000078.wav,mynah bird singing
vggsound_04,ARjdxAg4Djg_2.png,ARjdxAg4Djg_000002.wav,mynah bird singing
vggsound_02,5hV3mKoOgh8_20.png,5hV3mKoOgh8_000020.wav,mynah bird singing
vggsound_00,0ye5dMJM1cs_123.png,0ye5dMJM1cs_000123.wav,mynah bird singing
vggsound_00,zwjoyBo2s8_285.png,zwjoyBo2s8_000285.wav,mynah bird singing
vggsound_00,zlobk6YPw4_7.png,zlobk6YPw4_000007.wav,mynah bird singing
vggsound_02,5kTQ9Wrx3JE_104.png,5kTQ9Wrx3JE_000104.wav,mynah bird singing
vggsound_02,5LMGrO87Dqo_50.png,5LMGrO87Dqo_000050.wav,mynah bird singing
vggsound_04,AX_4prhnclo_149.png,AX_4prhnclo_000149.wav,mynah bird singing
vggsound_02,4UWLkz0b9_8_0.png,4UWLkz0b9_8_000000.wav,mynah bird singing
vggsound_00,0YcSmMy8hDg_192.png,0YcSmMy8hDg_000192.wav,mynah bird singing
vggsound_02,5wPa2FIt4nA_152.png,5wPa2FIt4nA_000152.wav,mynah bird singing
vggsound_02,6sT-n5_Ihdo_168.png,6sT-n5_Ihdo_000168.wav,mynah bird singing
vggsound_00,0dzoVih8j3g_132.png,0dzoVih8j3g_000132.wav,mynah bird singing
vggsound_02,6wd7xuHEmaw_64.png,6wd7xuHEmaw_000064.wav,mynah bird singing
vggsound_02,6hlkMqrLWEg_248.png,6hlkMqrLWEg_000248.wav,mynah bird singing
vggsound_00,cT03CPlOqc_161.png,cT03CPlOqc_000161.wav,mynah bird singing
vggsound_02,6VUXHzFzS3c_53.png,6VUXHzFzS3c_000053.wav,mynah bird singing
vggsound_02,4BfgygJEowo_44.png,4BfgygJEowo_000044.wav,mynah bird singing
vggsound_02,6KiFICzs6UI_150.png,6KiFICzs6UI_000150.wav,mynah bird singing
vggsound_00,q3Evz2tSSY_36.png,q3Evz2tSSY_000036.wav,mynah bird singing
vggsound_02,4QHb3x3tO6k_48.png,4QHb3x3tO6k_000048.wav,mynah bird singing
vggsound_02,4RDab4Ufwu8_59.png,4RDab4Ufwu8_000059.wav,mynah bird singing
vggsound_02,6GoWuxmiXRc_70.png,6GoWuxmiXRc_000070.wav,mynah bird singing
vggsound_04,AALPO07U5i4_18.png,AALPO07U5i4_000018.wav,mynah bird singing
vggsound_00,0dCfJew75yU_195.png,0dCfJew75yU_000195.wav,mynah bird singing
vggsound_02,4MztFzXuZAA_29.png,4MztFzXuZAA_000029.wav,mynah bird singing
vggsound_00,1IIzopcjBAs_2.png,1IIzopcjBAs_000002.wav,mynah bird singing
vggsound_02,64fMq6IOFNg_24.png,64fMq6IOFNg_000024.wav,mynah bird singing
vggsound_02,4GRwOM5VUYk_153.png,4GRwOM5VUYk_000153.wav,mynah bird singing
vggsound_04,AIhCOHv8i7I_19.png,AIhCOHv8i7I_000019.wav,mynah bird singing
vggsound_00,E3eNjI4vEc_5.png,E3eNjI4vEc_000005.wav,mynah bird singing
vggsound_04,BDaqnMJ5Ems_13.png,BDaqnMJ5Ems_000013.wav,mynah bird singing
vggsound_02,5cbmWgULD2U_122.png,5cbmWgULD2U_000122.wav,mynah bird singing
vggsound_00,ucpKuG36aw_22.png,ucpKuG36aw_000022.wav,mynah bird singing
vggsound_00,0cjluZLFbp8_176.png,0cjluZLFbp8_000176.wav,mynah bird singing
vggsound_02,4e-SX9wMWGE_40.png,4e-SX9wMWGE_000040.wav,mynah bird singing
vggsound_02,6v8fTljQGfk_2.png,6v8fTljQGfk_000002.wav,mynah bird singing
vggsound_02,6hG6465r0dQ_11.png,6hG6465r0dQ_000011.wav,owl hooting
vggsound_02,6VsI6Psae4Y_104.png,6VsI6Psae4Y_000104.wav,owl hooting
vggsound_00,1WNSmtDVi8_12.png,1WNSmtDVi8_000012.wav,owl hooting
vggsound_00,kjeTtDDE4I_481.png,kjeTtDDE4I_000481.wav,owl hooting
vggsound_02,5ew1t1v7cpQ_3.png,5ew1t1v7cpQ_000003.wav,owl hooting
vggsound_00,00bU2Cvyb9w_24.png,00bU2Cvyb9w_000024.wav,owl hooting
vggsound_02,6LyFySG7InI_22.png,6LyFySG7InI_000022.wav,owl hooting
vggsound_02,6KL6wMcpV74_19.png,6KL6wMcpV74_000019.wav,owl hooting
vggsound_04,AzNzQv_1C1A_320.png,AzNzQv_1C1A_000320.wav,owl hooting
vggsound_04,B4nCID2w4YQ_24.png,B4nCID2w4YQ_000024.wav,owl hooting
vggsound_02,6OP9rFkEoN0_183.png,6OP9rFkEoN0_000183.wav,owl hooting
vggsound_02,5khczYQh93Q_1.png,5khczYQh93Q_000001.wav,owl hooting
vggsound_04,AJDx_G5odcg_13.png,AJDx_G5odcg_000013.wav,owl hooting
vggsound_02,5UFNa-dD2Po_474.png,5UFNa-dD2Po_000474.wav,owl hooting
vggsound_04,Anm9grvBT90_83.png,Anm9grvBT90_000083.wav,owl hooting
vggsound_00,uoMa7Qm6vs_44.png,uoMa7Qm6vs_000044.wav,owl hooting
vggsound_04,AOq9oPI_xKk_141.png,AOq9oPI_xKk_000141.wav,owl hooting
vggsound_02,62iQDkwrc10_4.png,62iQDkwrc10_000004.wav,owl hooting
vggsound_04,Ah-IBgwj2lg_30.png,Ah-IBgwj2lg_000030.wav,owl hooting
vggsound_04,Ae8YKjpumOE_29.png,Ae8YKjpumOE_000029.wav,owl hooting
vggsound_04,A9n7s4scX80_0.png,A9n7s4scX80_000000.wav,owl hooting
vggsound_00,QJvsrQlfFY_16.png,QJvsrQlfFY_000016.wav,owl hooting
vggsound_00,XfecwwWE4E_27.png,XfecwwWE4E_000027.wav,owl hooting
vggsound_00,ghVFtymYk8_1.png,ghVFtymYk8_000001.wav,owl hooting
vggsound_04,A5NXL3F-ZsY_260.png,A5NXL3F-ZsY_000260.wav,owl hooting
vggsound_02,5NEvUWTX4Og_43.png,5NEvUWTX4Og_000043.wav,owl hooting
vggsound_04,A5i4L95kQok_49.png,A5i4L95kQok_000049.wav,owl hooting
vggsound_04,ASLPvm9LxGs_11.png,ASLPvm9LxGs_000011.wav,owl hooting
vggsound_02,6dH2EKdWjcc_0.png,6dH2EKdWjcc_000000.wav,owl hooting
vggsound_04,AwEi6TMrOWc_4.png,AwEi6TMrOWc_000004.wav,owl hooting
vggsound_02,6ePPqWBl4uw_31.png,6ePPqWBl4uw_000031.wav,owl hooting
vggsound_02,6GgjsPtp3G4_33.png,6GgjsPtp3G4_000033.wav,owl hooting
vggsound_02,5ksylsdLXIU_22.png,5ksylsdLXIU_000022.wav,owl hooting
vggsound_04,AyEGPZ3cFfY_43.png,AyEGPZ3cFfY_000043.wav,owl hooting
vggsound_02,6QbZVJTAtoo_15.png,6QbZVJTAtoo_000015.wav,owl hooting
vggsound_00,0sJWC9-BXu4_4.png,0sJWC9-BXu4_000004.wav,owl hooting
vggsound_02,4ieUQEjLU1U_129.png,4ieUQEjLU1U_000129.wav,owl hooting
vggsound_00,0uI87987x4A_13.png,0uI87987x4A_000013.wav,owl hooting
vggsound_00,0R02tNNE-sA_226.png,0R02tNNE-sA_000226.wav,owl hooting
vggsound_02,54055BK_7Eg_26.png,54055BK_7Eg_000026.wav,owl hooting
vggsound_02,54Zx4byh2Rs_161.png,54Zx4byh2Rs_000161.wav,owl hooting
vggsound_00,1Uv9aw0lUGs_30.png,1Uv9aw0lUGs_000030.wav,owl hooting
vggsound_00,0U_Q9JTATCk_44.png,0U_Q9JTATCk_000044.wav,owl hooting
vggsound_00,08Xv2KWGYKw_0.png,08Xv2KWGYKw_000000.wav,owl hooting
vggsound_02,4pYATLDYGCI_1.png,4pYATLDYGCI_000001.wav,owl hooting
vggsound_02,4h3mQd_2H-I_11.png,4h3mQd_2H-I_000011.wav,owl hooting
vggsound_00,18wCo_UbwTc_18.png,18wCo_UbwTc_000018.wav,owl hooting
vggsound_00,08wHVd6o5mI_16.png,08wHVd6o5mI_000016.wav,owl hooting
vggsound_00,0xcMNhl8_tY_111.png,0xcMNhl8_tY_000111.wav,owl hooting
vggsound_00,0GRnnlLlBqI_130.png,0GRnnlLlBqI_000130.wav,owl hooting
vggsound_00,0wLnf2NhnI8_5.png,0wLnf2NhnI8_000005.wav,owl hooting
vggsound_00,1DedKHtknnw_20.png,1DedKHtknnw_000020.wav,owl hooting
vggsound_00,06dUsnFLU0Y_2.png,06dUsnFLU0Y_000002.wav,owl hooting
vggsound_02,4ku0PSzJgiM_3.png,4ku0PSzJgiM_000003.wav,owl hooting
vggsound_02,5BSljsYe0To_14.png,5BSljsYe0To_000014.wav,owl hooting
vggsound_00,0FjJohDj-Dw_1.png,0FjJohDj-Dw_000001.wav,owl hooting
vggsound_02,5WyuzwSjfTs_38.png,5WyuzwSjfTs_000038.wav,pheasant crowing
vggsound_02,618ltH6axU8_0.png,618ltH6axU8_000000.wav,pheasant crowing
vggsound_02,6vQDIoGENoo_69.png,6vQDIoGENoo_000069.wav,pheasant crowing
vggsound_02,5TJlZrdZpR8_18.png,5TJlZrdZpR8_000018.wav,pheasant crowing
vggsound_02,5tLzdKKJGbw_251.png,5tLzdKKJGbw_000251.wav,pheasant crowing
vggsound_04,AmaN_1jO8-A_12.png,AmaN_1jO8-A_000012.wav,pheasant crowing
vggsound_02,4Vkha_mnWY0_426.png,4Vkha_mnWY0_000426.wav,pheasant crowing
vggsound_02,6vqS6Mb9qCs_34.png,6vqS6Mb9qCs_000034.wav,pheasant crowing
vggsound_00,boTId5CDDc_2.png,boTId5CDDc_000002.wav,pheasant crowing
vggsound_04,B-WnST4S1gk_12.png,B-WnST4S1gk_000012.wav,pheasant crowing
vggsound_04,A_syLVXfAPQ_162.png,A_syLVXfAPQ_000162.wav,pheasant crowing
vggsound_00,07v-HWmy9DY_124.png,07v-HWmy9DY_000124.wav,pheasant crowing
vggsound_00,UE437qBIo_1.png,UE437qBIo_000001.wav,pheasant crowing
vggsound_00,0aPwSLMzze4_5.png,0aPwSLMzze4_000005.wav,pheasant crowing
vggsound_04,AYQ_LN4ysxM_99.png,AYQ_LN4ysxM_000099.wav,pheasant crowing
vggsound_02,6ipXxuF-BBk_1.png,6ipXxuF-BBk_000001.wav,pheasant crowing
vggsound_02,6hZQHsHfuSo_175.png,6hZQHsHfuSo_000175.wav,pheasant crowing
vggsound_04,ARR_thPom7E_37.png,ARR_thPom7E_000037.wav,pheasant crowing
vggsound_02,4kIhJhN_ry8_262.png,4kIhJhN_ry8_000262.wav,pheasant crowing
vggsound_02,4kCre4Wwh6o_45.png,4kCre4Wwh6o_000045.wav,pheasant crowing
vggsound_02,4MuPg9zkTzI_11.png,4MuPg9zkTzI_000011.wav,pheasant crowing
vggsound_00,0OnipS0ueAs_27.png,0OnipS0ueAs_000027.wav,pheasant crowing
vggsound_02,6Fv7nRVFbjw_59.png,6Fv7nRVFbjw_000059.wav,pheasant crowing
vggsound_00,0pvTQC97Y50_77.png,0pvTQC97Y50_000077.wav,pheasant crowing
vggsound_02,4SpzK4Wzh8g_32.png,4SpzK4Wzh8g_000032.wav,pheasant crowing
vggsound_02,4NtW-6yByKE_32.png,4NtW-6yByKE_000032.wav,pheasant crowing
vggsound_02,6c2XclNdpYc_15.png,6c2XclNdpYc_000015.wav,pheasant crowing
vggsound_02,4hpZtZyh0Xs_4.png,4hpZtZyh0Xs_000004.wav,pheasant crowing
vggsound_02,6a_sPOv20yc_40.png,6a_sPOv20yc_000040.wav,pheasant crowing
vggsound_00,0aQJ0cPDA4Q_13.png,0aQJ0cPDA4Q_000013.wav,pheasant crowing
vggsound_02,6R5mqKlXGEU_204.png,6R5mqKlXGEU_000204.wav,pheasant crowing
vggsound_04,AWKdMdlD9wg_45.png,AWKdMdlD9wg_000045.wav,pheasant crowing
vggsound_02,4RM0sR6s5Js_121.png,4RM0sR6s5Js_000121.wav,pheasant crowing
vggsound_00,0q_hj4WxkJc_22.png,0q_hj4WxkJc_000022.wav,pheasant crowing
vggsound_02,5sftCBWR6RI_17.png,5sftCBWR6RI_000017.wav,pheasant crowing
vggsound_00,12dYN4J6yjA_20.png,12dYN4J6yjA_000020.wav,pheasant crowing
vggsound_00,1EpMHiPQMbc_37.png,1EpMHiPQMbc_000037.wav,pheasant crowing
vggsound_02,4BFbWuN33lU_147.png,4BFbWuN33lU_000147.wav,pheasant crowing
vggsound_02,6WvnAcFci50_18.png,6WvnAcFci50_000018.wav,pheasant crowing
vggsound_02,5L6OzIaJisA_322.png,5L6OzIaJisA_000322.wav,pheasant crowing
vggsound_00,1UjPZCh_Et4_0.png,1UjPZCh_Et4_000000.wav,pheasant crowing
vggsound_00,03E_DGPKlUs_3.png,03E_DGPKlUs_000003.wav,pheasant crowing
vggsound_02,5jxlgTOogWY_182.png,5jxlgTOogWY_000182.wav,pheasant crowing
vggsound_00,WQdgLxb588_4.png,WQdgLxb588_000004.wav,pheasant crowing
vggsound_00,0zIOEW3mM4_16.png,0zIOEW3mM4_000016.wav,pheasant crowing
vggsound_00,0HTFjyC-SI_7.png,0HTFjyC-SI_000007.wav,pheasant crowing
vggsound_00,0EJSMY5yfPs_159.png,0EJSMY5yfPs_000159.wav,pheasant crowing
vggsound_00,0ti14lvd2Aw_0.png,0ti14lvd2Aw_000000.wav,pheasant crowing
vggsound_02,5HJQ4wOsZxs_106.png,5HJQ4wOsZxs_000106.wav,pheasant crowing
vggsound_00,1PVIOZ2_YyQ_139.png,1PVIOZ2_YyQ_000139.wav,pheasant crowing
vggsound_02,5gj8TOUTook_220.png,5gj8TOUTook_000220.wav,pheasant crowing
vggsound_00,1HY_SqhdK8g_51.png,1HY_SqhdK8g_000051.wav,pheasant crowing
vggsound_00,0teMcpgy9Jo_58.png,0teMcpgy9Jo_000058.wav,pheasant crowing
vggsound_04,BBUElSZwU6U_0.png,BBUElSZwU6U_000000.wav,pheasant crowing
vggsound_00,00tm1g6HAg0_107.png,00tm1g6HAg0_000107.wav,pheasant crowing
vggsound_04,AcykiIqAPxU_111.png,AcykiIqAPxU_000111.wav,pheasant crowing
vggsound_02,5DbV-QwcEiI_0.png,5DbV-QwcEiI_000000.wav,pheasant crowing
vggsound_04,ADRVAtMepAo_118.png,ADRVAtMepAo_000118.wav,pheasant crowing
vggsound_04,AjD1BiY0o8E_1.png,AjD1BiY0o8E_000001.wav,pheasant crowing
vggsound_00,GtvFZwApEo_5.png,GtvFZwApEo_000005.wav,pheasant crowing
vggsound_00,0ToLw8_tDuo_232.png,0ToLw8_tDuo_000232.wav,pheasant crowing
vggsound_00,LbwHG1fr3Q_0.png,LbwHG1fr3Q_000000.wav,pheasant crowing
vggsound_02,5OMUkkYK_Uc_45.png,5OMUkkYK_Uc_000045.wav,pheasant crowing
vggsound_02,4_QN5Za_7QM_19.png,4_QN5Za_7QM_000019.wav,pheasant crowing
vggsound_00,1WbvSHeHf5g_45.png,1WbvSHeHf5g_000045.wav,pheasant crowing
vggsound_00,iF4a6f5PJ8_0.png,iF4a6f5PJ8_000000.wav,pheasant crowing
vggsound_02,5-tB5NUM3bE_71.png,5-tB5NUM3bE_000071.wav,pheasant crowing
vggsound_04,AK3XzGy-XSE_19.png,AK3XzGy-XSE_000019.wav,pheasant crowing
vggsound_02,6zFHShr6nNI_32.png,6zFHShr6nNI_000032.wav,pheasant crowing
vggsound_00,X0A3uDEbBs_1.png,X0A3uDEbBs_000001.wav,pheasant crowing
vggsound_04,B2e4pNG7mlk_17.png,B2e4pNG7mlk_000017.wav,pheasant crowing
vggsound_00,044RhIJBsHE_20.png,044RhIJBsHE_000020.wav,pheasant crowing
vggsound_02,5PYtnW-TIA8_7.png,5PYtnW-TIA8_000007.wav,pheasant crowing
vggsound_04,AckBhvAdLkI_30.png,AckBhvAdLkI_000030.wav,"pigeon, dove cooing"
vggsound_00,0oeTAhXU6AE_30.png,0oeTAhXU6AE_000030.wav,"pigeon, dove cooing"
vggsound_04,A9z0g1HGLo8_30.png,A9z0g1HGLo8_000030.wav,"pigeon, dove cooing"
vggsound_02,6nHSnOJdv4I_30.png,6nHSnOJdv4I_000030.wav,"pigeon, dove cooing"
vggsound_02,4lN1PfKg28k_70.png,4lN1PfKg28k_000070.wav,"pigeon, dove cooing"
vggsound_00,11yzfOhTjb0_30.png,11yzfOhTjb0_000030.wav,"pigeon, dove cooing"
vggsound_00,Ejy1cfmrYE_30.png,Ejy1cfmrYE_000030.wav,"pigeon, dove cooing"
vggsound_04,APyUl6YhS28_30.png,APyUl6YhS28_000030.wav,"pigeon, dove cooing"
vggsound_00,1ErYMAPWojc_30.png,1ErYMAPWojc_000030.wav,"pigeon, dove cooing"
vggsound_02,6mo-QLaCmbU_30.png,6mo-QLaCmbU_000030.wav,"pigeon, dove cooing"
vggsound_00,0C9RCKWtI8Q_19.png,0C9RCKWtI8Q_000019.wav,"pigeon, dove cooing"
vggsound_02,4jSdZ5s_ft0_2.png,4jSdZ5s_ft0_000002.wav,"pigeon, dove cooing"
vggsound_02,6lSMVCUxmBM_20.png,6lSMVCUxmBM_000020.wav,"pigeon, dove cooing"
vggsound_00,105jcl-jhK8_30.png,105jcl-jhK8_000030.wav,"pigeon, dove cooing"
vggsound_02,6ne6uXzUO8Y_30.png,6ne6uXzUO8Y_000030.wav,"pigeon, dove cooing"
vggsound_04,AjUvZkhOH_0_0.png,AjUvZkhOH_0_000000.wav,"pigeon, dove cooing"
vggsound_04,AJkLagpa8Rg_22.png,AJkLagpa8Rg_000022.wav,"pigeon, dove cooing"
vggsound_00,0D2UgSiR_38_0.png,0D2UgSiR_38_000000.wav,"pigeon, dove cooing"
vggsound_00,0cjyDW6Ie8s_30.png,0cjyDW6Ie8s_000030.wav,"pigeon, dove cooing"
vggsound_04,AmogWxgDR8E_30.png,AmogWxgDR8E_000030.wav,"pigeon, dove cooing"
vggsound_02,6UnOj0qI7uw_30.png,6UnOj0qI7uw_000030.wav,"pigeon, dove cooing"
vggsound_02,6To_0e56tXM_120.png,6To_0e56tXM_000120.wav,"pigeon, dove cooing"
vggsound_02,4ESdgtDZ9kM_30.png,4ESdgtDZ9kM_000030.wav,"pigeon, dove cooing"
vggsound_02,6_rpMeYeNZk_30.png,6_rpMeYeNZk_000030.wav,"pigeon, dove cooing"
vggsound_04,AmUiu3vVQo4_30.png,AmUiu3vVQo4_000030.wav,"pigeon, dove cooing"
vggsound_02,4fbYb88nno8_30.png,4fbYb88nno8_000030.wav,"pigeon, dove cooing"
vggsound_00,0leGeEYWKOM_18.png,0leGeEYWKOM_000018.wav,"pigeon, dove cooing"
vggsound_00,1UjlHlM4sxs_30.png,1UjlHlM4sxs_000030.wav,"pigeon, dove cooing"
vggsound_00,17budAttRBk_30.png,17budAttRBk_000030.wav,"pigeon, dove cooing"
vggsound_00,1CIxvYI7lgo_30.png,1CIxvYI7lgo_000030.wav,"pigeon, dove cooing"
vggsound_00,HJQVouJd2w_26.png,HJQVouJd2w_000026.wav,"pigeon, dove cooing"
vggsound_02,4CqTJwQy9io_30.png,4CqTJwQy9io_000030.wav,"pigeon, dove cooing"
vggsound_00,1TzUCuD8ABQ_30.png,1TzUCuD8ABQ_000030.wav,"pigeon, dove cooing"
vggsound_00,0lej0B9bL2U_30.png,0lej0B9bL2U_000030.wav,"pigeon, dove cooing"
vggsound_04,AOBlJVL5KfA_10.png,AOBlJVL5KfA_000010.wav,"pigeon, dove cooing"
vggsound_00,1FAO92Ye9eY_21.png,1FAO92Ye9eY_000021.wav,"pigeon, dove cooing"
vggsound_04,AHet4DKp9j0_30.png,AHet4DKp9j0_000030.wav,"pigeon, dove cooing"
vggsound_02,6PjqKLMWLp8_30.png,6PjqKLMWLp8_000030.wav,"pigeon, dove cooing"
vggsound_02,4BFjHgWHsCw_60.png,4BFjHgWHsCw_000060.wav,"pigeon, dove cooing"
vggsound_04,A9vObisEwwY_30.png,A9vObisEwwY_000030.wav,"pigeon, dove cooing"
vggsound_02,6_6j_YrZhbQ_30.png,6_6j_YrZhbQ_000030.wav,"pigeon, dove cooing"
vggsound_00,B6CSHRHZSA_70.png,B6CSHRHZSA_000070.wav,"pigeon, dove cooing"
vggsound_02,6BxMf10fgq0_30.png,6BxMf10fgq0_000030.wav,"pigeon, dove cooing"
vggsound_00,ljMNMbY8fI_30.png,ljMNMbY8fI_000030.wav,"pigeon, dove cooing"
vggsound_00,TYaP9KMzBA_30.png,TYaP9KMzBA_000030.wav,"pigeon, dove cooing"
vggsound_04,A_F8XKOLWqA_20.png,A_F8XKOLWqA_000020.wav,"pigeon, dove cooing"
vggsound_00,0x9TnOQ5Nhw_20.png,0x9TnOQ5Nhw_000020.wav,"pigeon, dove cooing"
vggsound_00,2Dm0VjW8oM_1.png,2Dm0VjW8oM_000001.wav,"pigeon, dove cooing"
vggsound_02,4w8C1Y_oo3I_30.png,4w8C1Y_oo3I_000030.wav,"pigeon, dove cooing"
vggsound_02,4wd_E_WkcuU_30.png,4wd_E_WkcuU_000030.wav,"pigeon, dove cooing"
vggsound_04,B1Hm4Z-kqdA_30.png,B1Hm4Z-kqdA_000030.wav,"pigeon, dove cooing"
vggsound_04,B1S1VRy8oRA_30.png,B1S1VRy8oRA_000030.wav,"pigeon, dove cooing"
vggsound_02,4zDV27zaA6Y_30.png,4zDV27zaA6Y_000030.wav,"pigeon, dove cooing"
vggsound_02,5PJXGpa87D4_30.png,5PJXGpa87D4_000030.wav,"pigeon, dove cooing"
vggsound_02,4ZL0k3aqblc_30.png,4ZL0k3aqblc_000030.wav,"pigeon, dove cooing"
vggsound_04,B4HgwiSXwEg_10.png,B4HgwiSXwEg_000010.wav,"pigeon, dove cooing"
vggsound_00,05bjJNftY98_30.png,05bjJNftY98_000030.wav,"pigeon, dove cooing"
vggsound_00,05aWe8zJlII_30.png,05aWe8zJlII_000030.wav,"pigeon, dove cooing"
vggsound_02,50V4GDfLf-Q_30.png,50V4GDfLf-Q_000030.wav,"pigeon, dove cooing"
vggsound_00,0ulzEfgbj0g_30.png,0ulzEfgbj0g_000030.wav,"pigeon, dove cooing"
vggsound_00,0ujAsg9Je5k_30.png,0ujAsg9Je5k_000030.wav,"pigeon, dove cooing"
vggsound_02,5dE1LcQ-kPw_10.png,5dE1LcQ-kPw_000010.wav,"pigeon, dove cooing"
vggsound_00,0s_oO74q1jM_18.png,0s_oO74q1jM_000018.wav,"pigeon, dove cooing"
vggsound_02,5eQv8RykeeQ_30.png,5eQv8RykeeQ_000030.wav,"pigeon, dove cooing"
vggsound_02,5GaJtIYTmSM_30.png,5GaJtIYTmSM_000030.wav,"pigeon, dove cooing"
vggsound_00,02W6VBraJ2g_30.png,02W6VBraJ2g_000030.wav,"pigeon, dove cooing"
vggsound_02,5hyZdJKEZaM_30.png,5hyZdJKEZaM_000030.wav,"pigeon, dove cooing"
vggsound_02,6-NYn_XYHx4_30.png,6-NYn_XYHx4_000030.wav,"pigeon, dove cooing"
vggsound_04,Baz-FywZ15E_23.png,Baz-FywZ15E_000023.wav,"pigeon, dove cooing"
vggsound_04,BA4qayqjvGk_30.png,BA4qayqjvGk_000030.wav,"pigeon, dove cooing"
vggsound_00,0yQTraiAUY_30.png,0yQTraiAUY_000030.wav,"pigeon, dove cooing"
vggsound_02,54M8s5xLr7I_30.png,54M8s5xLr7I_000030.wav,"pigeon, dove cooing"
vggsound_02,5l-4iKo8mSo_25.png,5l-4iKo8mSo_000025.wav,"pigeon, dove cooing"
vggsound_04,B6_UYa2aST8_30.png,B6_UYa2aST8_000030.wav,"pigeon, dove cooing"
vggsound_00,zcZ5Zj2yP8_30.png,zcZ5Zj2yP8_000030.wav,"pigeon, dove cooing"
vggsound_04,BaBT2r8L6E4_13.png,BaBT2r8L6E4_000013.wav,"pigeon, dove cooing"
vggsound_00,4ST8ru_k9Y_30.png,4ST8ru_k9Y_000030.wav,"pigeon, dove cooing"
vggsound_02,5w6Lv6Cvvys_30.png,5w6Lv6Cvvys_000030.wav,"pigeon, dove cooing"
vggsound_04,AFSCOTJB7sc_30.png,AFSCOTJB7sc_000030.wav,"pigeon, dove cooing"
vggsound_00,MHf8CqWM9o_210.png,MHf8CqWM9o_000210.wav,"pigeon, dove cooing"
vggsound_02,4o1YlJioDHE_22.png,4o1YlJioDHE_000022.wav,"pigeon, dove cooing"
vggsound_04,AsgyBTLK3yw_30.png,AsgyBTLK3yw_000030.wav,"pigeon, dove cooing"
vggsound_00,0OY4I99EZVU_30.png,0OY4I99EZVU_000030.wav,"pigeon, dove cooing"
vggsound_04,Avflk4IgQxs_30.png,Avflk4IgQxs_000030.wav,"pigeon, dove cooing"
vggsound_00,0bbGdjUKQN8_30.png,0bbGdjUKQN8_000030.wav,"pigeon, dove cooing"
vggsound_02,6GNLbla3mFI_30.png,6GNLbla3mFI_000030.wav,"pigeon, dove cooing"
vggsound_02,4OpHAQCuFiU_30.png,4OpHAQCuFiU_000030.wav,"pigeon, dove cooing"
vggsound_00,0yrfK7Rwbns_30.png,0yrfK7Rwbns_000030.wav,"pigeon, dove cooing"
vggsound_04,AWet9qFT15M_79.png,AWet9qFT15M_000079.wav,"pigeon, dove cooing"
vggsound_00,OHG7-BI0aU_30.png,OHG7-BI0aU_000030.wav,"pigeon, dove cooing"
vggsound_00,LmSy9cDMXY_30.png,LmSy9cDMXY_000030.wav,"pigeon, dove cooing"
vggsound_02,6a5b72cfSbk_39.png,6a5b72cfSbk_000039.wav,"pigeon, dove cooing"
vggsound_00,0AYyIdZU8pU_30.png,0AYyIdZU8pU_000030.wav,"pigeon, dove cooing"
vggsound_02,4mK2qKQjnuc_30.png,4mK2qKQjnuc_000030.wav,"pigeon, dove cooing"
vggsound_00,8x1OQ-JnUs_220.png,8x1OQ-JnUs_000220.wav,"pigeon, dove cooing"
vggsound_02,4s4Nh2B8miM_30.png,4s4Nh2B8miM_000030.wav,"pigeon, dove cooing"
vggsound_02,677ZDaYEQkc_30.png,677ZDaYEQkc_000030.wav,"pigeon, dove cooing"
vggsound_00,0OVvL_hk2Iw_30.png,0OVvL_hk2Iw_000030.wav,"pigeon, dove cooing"
vggsound_02,65FF-pf7QK0_30.png,65FF-pf7QK0_000030.wav,"pigeon, dove cooing"
vggsound_02,4msoB74uypo_30.png,4msoB74uypo_000030.wav,"pigeon, dove cooing"
vggsound_02,69DwkdnNSSc_30.png,69DwkdnNSSc_000030.wav,"pigeon, dove cooing"
vggsound_04,AWfaDASpjCY_30.png,AWfaDASpjCY_000030.wav,"pigeon, dove cooing"
vggsound_02,6ffdFocLd64_30.png,6ffdFocLd64_000030.wav,"pigeon, dove cooing"
vggsound_04,AGGbY1DbY24_25.png,AGGbY1DbY24_000025.wav,singing bowl
vggsound_04,BCSNYh0wZ8Y_126.png,BCSNYh0wZ8Y_000126.wav,singing bowl
vggsound_04,AIIcK9Cwx08_120.png,AIIcK9Cwx08_000120.wav,singing bowl
vggsound_00,0Pjd13FyuXc_58.png,0Pjd13FyuXc_000058.wav,singing bowl
vggsound_00,0tF2uEgbYw8_45.png,0tF2uEgbYw8_000045.wav,singing bowl
vggsound_04,BD2CR9PJp-U_42.png,BD2CR9PJp-U_000042.wav,singing bowl
vggsound_04,Ai5i5gvSHEQ_116.png,Ai5i5gvSHEQ_000116.wav,singing bowl
vggsound_04,AuA0PUtbhlA_476.png,AuA0PUtbhlA_000476.wav,singing bowl
vggsound_00,5EM5-7njeE_353.png,5EM5-7njeE_000353.wav,singing bowl
vggsound_04,AV0uR3cdjQs_9.png,AV0uR3cdjQs_000009.wav,singing bowl
vggsound_04,B7s9B3S1Vsk_41.png,B7s9B3S1Vsk_000041.wav,singing bowl
vggsound_04,Aveeuh-1dm0_44.png,Aveeuh-1dm0_000044.wav,singing bowl
vggsound_04,AjPUDiyJZ00_75.png,AjPUDiyJZ00_000075.wav,singing bowl
vggsound_04,Az2NEzyjc-k_186.png,Az2NEzyjc-k_000186.wav,singing bowl
vggsound_04,B4lGhVjoMTk_209.png,B4lGhVjoMTk_000209.wav,singing bowl
vggsound_00,dqkgkCK8-E_1.png,dqkgkCK8-E_000001.wav,singing bowl
vggsound_00,0gz1f3zTlk8_566.png,0gz1f3zTlk8_000566.wav,singing bowl
vggsound_04,B3HyEg01WXQ_111.png,B3HyEg01WXQ_000111.wav,singing bowl
vggsound_00,19Zw5R1-y30_332.png,19Zw5R1-y30_000332.wav,singing bowl
vggsound_04,B0BcCOw8kb4_56.png,B0BcCOw8kb4_000056.wav,singing bowl
vggsound_04,Ar_CFLuhQ_g_247.png,Ar_CFLuhQ_g_000247.wav,singing bowl
vggsound_00,7gEDLZGR_A_741.png,7gEDLZGR_A_000741.wav,singing bowl
vggsound_00,6ODGR0PdYA_32.png,6ODGR0PdYA_000032.wav,singing bowl
vggsound_00,9OlCOVm5-o_30.png,9OlCOVm5-o_000030.wav,singing bowl
vggsound_00,f0SsFpVETM_92.png,f0SsFpVETM_000092.wav,singing bowl
vggsound_02,4eBKLYNvyL8_51.png,4eBKLYNvyL8_000051.wav,singing bowl
vggsound_00,1LB9sazk_OM_227.png,1LB9sazk_OM_000227.wav,singing bowl
vggsound_02,4nP5_uCxD3U_56.png,4nP5_uCxD3U_000056.wav,singing bowl
vggsound_00,0bVdnV5aj0c_29.png,0bVdnV5aj0c_000029.wav,singing bowl
vggsound_02,6FwcVJyNZt0_93.png,6FwcVJyNZt0_000093.wav,singing bowl
vggsound_02,6FXfZAU0_Lk_0.png,6FXfZAU0_Lk_000000.wav,singing bowl
vggsound_02,4N-y_IXc-98_152.png,4N-y_IXc-98_000152.wav,singing bowl
vggsound_02,5MuWrE9yQr0_19.png,5MuWrE9yQr0_000019.wav,singing bowl
vggsound_02,5MsBKdHOfc0_31.png,5MsBKdHOfc0_000031.wav,singing bowl
vggsound_02,4MaAMLrHIdo_47.png,4MaAMLrHIdo_000047.wav,singing bowl
vggsound_02,5ltwstUZo7I_43.png,5ltwstUZo7I_000043.wav,singing bowl
vggsound_02,4kNAXUqlvAI_295.png,4kNAXUqlvAI_000295.wav,singing bowl
vggsound_02,6kpWmbhRGXc_193.png,6kpWmbhRGXc_000193.wav,singing bowl
vggsound_00,KhrbauKAOM_92.png,KhrbauKAOM_000092.wav,singing bowl
vggsound_02,54dyLtM-jc0_268.png,54dyLtM-jc0_000268.wav,singing bowl
vggsound_02,5wNj0YgQNKw_1.png,5wNj0YgQNKw_000001.wav,singing bowl
vggsound_00,jSqtRVLiHg_322.png,jSqtRVLiHg_000322.wav,singing bowl
vggsound_00,xPbG-szX1Y_24.png,xPbG-szX1Y_000024.wav,singing bowl
vggsound_02,6O1qXVwrKxc_231.png,6O1qXVwrKxc_000231.wav,singing bowl
vggsound_02,6bWyyP30Y6s_0.png,6bWyyP30Y6s_000000.wav,singing bowl
vggsound_02,6bCeCjGuTPg_8.png,6bCeCjGuTPg_000008.wav,singing bowl
vggsound_02,4t7-bOEAyZU_20.png,4t7-bOEAyZU_000020.wav,singing bowl
vggsound_02,4sukGdqyw8o_224.png,4sukGdqyw8o_000224.wav,singing bowl
vggsound_02,61IekRVj36I_43.png,61IekRVj36I_000043.wav,singing bowl
vggsound_02,620f02hdn6c_491.png,620f02hdn6c_000491.wav,singing bowl
vggsound_00,sCaWXrPZdg_113.png,sCaWXrPZdg_000113.wav,singing bowl
vggsound_02,62nvPIYONSQ_14.png,62nvPIYONSQ_000014.wav,singing bowl
vggsound_02,62wReQDUvTs_36.png,62wReQDUvTs_000036.wav,singing bowl
vggsound_00,s5ZidRvnjQ_250.png,s5ZidRvnjQ_000250.wav,singing bowl
vggsound_02,64B2j5kQz0Y_10.png,64B2j5kQz0Y_000010.wav,singing bowl
vggsound_02,4xAE-TXdrJc_30.png,4xAE-TXdrJc_000030.wav,singing bowl
vggsound_00,0ADoVMsenLI_205.png,0ADoVMsenLI_000205.wav,singing bowl
vggsound_02,5qNWn6JeCcs_223.png,5qNWn6JeCcs_000223.wav,singing bowl
vggsound_02,5QkkiDUYsUw_22.png,5QkkiDUYsUw_000022.wav,singing bowl
vggsound_02,4RKo8OfJkAk_89.png,4RKo8OfJkAk_000089.wav,singing bowl
vggsound_00,R7bj-BGEGY_217.png,R7bj-BGEGY_000217.wav,singing bowl
vggsound_00,1ILLsA6gqHE_226.png,1ILLsA6gqHE_000226.wav,singing bowl
vggsound_00,JqNYOtySQo_544.png,JqNYOtySQo_000544.wav,singing bowl
vggsound_02,5UIeFh-l1U0_135.png,5UIeFh-l1U0_000135.wav,singing bowl
vggsound_02,4HhUBb7KAhU_60.png,4HhUBb7KAhU_000060.wav,singing bowl
vggsound_04,A55rHYLkwQk_0.png,A55rHYLkwQk_000000.wav,singing bowl
vggsound_00,1R_V_OdVMXM_44.png,1R_V_OdVMXM_000044.wav,singing bowl
vggsound_00,0egBEcko3fY_77.png,0egBEcko3fY_000077.wav,singing bowl
vggsound_02,5EPnuy_sKHI_10.png,5EPnuy_sKHI_000010.wav,singing bowl
vggsound_00,HcuAy_c7as_228.png,HcuAy_c7as_000228.wav,singing bowl
vggsound_00,0Eenj424_UQ_548.png,0Eenj424_UQ_000548.wav,singing bowl
vggsound_02,55lop0TiOws_47.png,55lop0TiOws_000047.wav,singing bowl
vggsound_00,iOtmfU3e-k_55.png,iOtmfU3e-k_000055.wav,singing bowl
vggsound_00,1OnO9ra9_ns_25.png,1OnO9ra9_ns_000025.wav,singing bowl
vggsound_00,0FAw_CcDPvY_323.png,0FAw_CcDPvY_000323.wav,singing bowl
vggsound_02,6xpAa2948SU_156.png,6xpAa2948SU_000156.wav,singing bowl
vggsound_02,6Xeqf-z6wt0_23.png,6Xeqf-z6wt0_000023.wav,singing bowl
vggsound_04,ADCEAEe8m4g_6.png,ADCEAEe8m4g_000006.wav,singing bowl
vggsound_00,1SnvzM93joo_8.png,1SnvzM93joo_000008.wav,singing bowl
vggsound_00,1LR1BFLy_GI_208.png,1LR1BFLy_GI_000208.wav,singing bowl
vggsound_00,1LEv24tROjQ_55.png,1LEv24tROjQ_000055.wav,singing bowl
vggsound_02,6qqa-m1fFoI_40.png,6qqa-m1fFoI_000040.wav,singing bowl
vggsound_02,55NhJ9hCHP0_15.png,55NhJ9hCHP0_000015.wav,singing bowl
vggsound_02,6QvaR2iGbgA_120.png,6QvaR2iGbgA_000120.wav,singing bowl
vggsound_02,4Ff53JIepl8_126.png,4Ff53JIepl8_000126.wav,singing bowl
vggsound_02,6sJHHUVWvcc_403.png,6sJHHUVWvcc_000403.wav,singing bowl
vggsound_02,55S7vnPhIDY_16.png,55S7vnPhIDY_000016.wav,singing bowl
vggsound_02,55tS5a4PmrY_32.png,55tS5a4PmrY_000032.wav,singing bowl
vggsound_02,55twzOiOuUI_19.png,55twzOiOuUI_000019.wav,singing bowl
vggsound_02,4B8DvJ7BYa4_22.png,4B8DvJ7BYa4_000022.wav,singing bowl
vggsound_02,5iNIMTT87aA_50.png,5iNIMTT87aA_000050.wav,singing bowl
vggsound_02,5AFp5M5hw1w_64.png,5AFp5M5hw1w_000064.wav,singing bowl
vggsound_04,B1Nwsleur-0_132.png,B1Nwsleur-0_000132.wav,woodpecker pecking tree
vggsound_02,5D4KQRSIKBA_44.png,5D4KQRSIKBA_000044.wav,woodpecker pecking tree
vggsound_00,0vhNdiOFwjA_75.png,0vhNdiOFwjA_000075.wav,woodpecker pecking tree
vggsound_02,4x1q7JR6LoY_12.png,4x1q7JR6LoY_000012.wav,woodpecker pecking tree
vggsound_04,B1C93WtJl4w_14.png,B1C93WtJl4w_000014.wav,woodpecker pecking tree
vggsound_00,05Frh3DQrM0_24.png,05Frh3DQrM0_000024.wav,woodpecker pecking tree
vggsound_00,0U_ytdBQKuU_69.png,0U_ytdBQKuU_000069.wav,woodpecker pecking tree
vggsound_02,5ACr9SkgYg0_561.png,5ACr9SkgYg0_000561.wav,woodpecker pecking tree
vggsound_04,BBrNgRn_OQI_59.png,BBrNgRn_OQI_000059.wav,woodpecker pecking tree
vggsound_02,59UtsPqFNIU_34.png,59UtsPqFNIU_000034.wav,woodpecker pecking tree
vggsound_00,Z7AklGpogE_1.png,Z7AklGpogE_000001.wav,woodpecker pecking tree
vggsound_02,57pyQCDSVhA_12.png,57pyQCDSVhA_000012.wav,woodpecker pecking tree
vggsound_04,BbgeE_RYsGk_14.png,BbgeE_RYsGk_000014.wav,woodpecker pecking tree
vggsound_00,02xoNhgmtO8_29.png,02xoNhgmtO8_000029.wav,woodpecker pecking tree
vggsound_00,1NybDGvjoA_36.png,1NybDGvjoA_000036.wav,woodpecker pecking tree
vggsound_02,5M70V_qw8Z0_123.png,5M70V_qw8Z0_000123.wav,woodpecker pecking tree
vggsound_00,_yRmyG71Z0_36.png,_yRmyG71Z0_000036.wav,woodpecker pecking tree
vggsound_04,B92Ec2ffca4_32.png,B92Ec2ffca4_000032.wav,woodpecker pecking tree
vggsound_00,0scJOk02a3E_116.png,0scJOk02a3E_000116.wav,woodpecker pecking tree
vggsound_04,B8lCOVBNPmY_4.png,B8lCOVBNPmY_000004.wav,woodpecker pecking tree
vggsound_00,Ns61v6GYts_24.png,Ns61v6GYts_000024.wav,woodpecker pecking tree
vggsound_00,07_7XDxxWl0_91.png,07_7XDxxWl0_000091.wav,woodpecker pecking tree
vggsound_02,6QSjNVRH5SI_155.png,6QSjNVRH5SI_000155.wav,woodpecker pecking tree
vggsound_04,ANObpHSU5PA_20.png,ANObpHSU5PA_000020.wav,woodpecker pecking tree
vggsound_04,Anb55N64tfw_90.png,Anb55N64tfw_000090.wav,woodpecker pecking tree
vggsound_02,4euUZgSSuIw_160.png,4euUZgSSuIw_000160.wav,woodpecker pecking tree
vggsound_02,5CtoZvJaGAM_33.png,5CtoZvJaGAM_000033.wav,woodpecker pecking tree
vggsound_02,6WE8G3iwXo8_130.png,6WE8G3iwXo8_000130.wav,woodpecker pecking tree
vggsound_00,0Du73o7tUnU_0.png,0Du73o7tUnU_000000.wav,woodpecker pecking tree
vggsound_00,ivZoE4ftTI_124.png,ivZoE4ftTI_000124.wav,woodpecker pecking tree
vggsound_04,AKhkZlpQpyA_53.png,AKhkZlpQpyA_000053.wav,woodpecker pecking tree
vggsound_02,6_4OD7A7vCM_55.png,6_4OD7A7vCM_000055.wav,woodpecker pecking tree
vggsound_04,A4SjR6-AzgA_42.png,A4SjR6-AzgA_000042.wav,woodpecker pecking tree
vggsound_04,AIqD9xvbXG0_17.png,AIqD9xvbXG0_000017.wav,woodpecker pecking tree
vggsound_00,1T6j8ScSHxQ_96.png,1T6j8ScSHxQ_000096.wav,woodpecker pecking tree
vggsound_00,1HoiAzrtvSE_14.png,1HoiAzrtvSE_000014.wav,woodpecker pecking tree
vggsound_00,gABTTuw8vo_52.png,gABTTuw8vo_000052.wav,woodpecker pecking tree
vggsound_04,Ao-lUtXtmvA_6.png,Ao-lUtXtmvA_000006.wav,woodpecker pecking tree
vggsound_02,6oGpqLnUhyA_127.png,6oGpqLnUhyA_000127.wav,woodpecker pecking tree
vggsound_02,6NEpmoq2vAc_16.png,6NEpmoq2vAc_000016.wav,woodpecker pecking tree
vggsound_04,ApWdM0PXpbk_1.png,ApWdM0PXpbk_000001.wav,woodpecker pecking tree
vggsound_02,4txRL-0_s8s_88.png,4txRL-0_s8s_000088.wav,woodpecker pecking tree
vggsound_00,4f9PIOK2_I_59.png,4f9PIOK2_I_000059.wav,woodpecker pecking tree
vggsound_02,5YXTdUYl_UM_78.png,5YXTdUYl_UM_000078.wav,woodpecker pecking tree
vggsound_00,0YIXD7_8NMk_31.png,0YIXD7_8NMk_000031.wav,woodpecker pecking tree
vggsound_02,66lxxRVRrMU_1.png,66lxxRVRrMU_000001.wav,woodpecker pecking tree
vggsound_04,AXfySUIG6Do_9.png,AXfySUIG6Do_000009.wav,woodpecker pecking tree
vggsound_04,AxbRDOXxkTY_0.png,AxbRDOXxkTY_000000.wav,woodpecker pecking tree
vggsound_00,06-tT52YdDs_316.png,06-tT52YdDs_000316.wav,woodpecker pecking tree
vggsound_00,9gHIl4C2XM_187.png,9gHIl4C2XM_000187.wav,woodpecker pecking tree
vggsound_02,6Dlxq-maat8_31.png,6Dlxq-maat8_000031.wav,woodpecker pecking tree
vggsound_02,4m_70-KPC10_18.png,4m_70-KPC10_000018.wav,woodpecker pecking tree
vggsound_04,AsfaqUzgBfM_227.png,AsfaqUzgBfM_000227.wav,woodpecker pecking tree
vggsound_04,ASeWJoN0I5A_71.png,ASeWJoN0I5A_000071.wav,woodpecker pecking tree
vggsound_02,4ml0JMCNOR4_164.png,4ml0JMCNOR4_000164.wav,woodpecker pecking tree
vggsound_04,ArVjJksr7xU_32.png,ArVjJksr7xU_000032.wav,woodpecker pecking tree
vggsound_02,4JrgSG7vNIc_20.png,4JrgSG7vNIc_000020.wav,woodpecker pecking tree
vggsound_02,6CLPgbxONPs_46.png,6CLPgbxONPs_000046.wav,woodpecker pecking tree
vggsound_02,5cjVEzAypks_1.png,5cjVEzAypks_000001.wav,woodpecker pecking tree
